{
  "project_info": {
    "project_number": "816714577320",
    "firebase_url": "https://all-app-com-default-rtdb.firebaseio.com",
    "project_id": "all-app-com",
    "storage_bucket": "all-app-com.appspot.com"
  },
  "client": [
    {
      "client_info": {
        "mobilesdk_app_id": "1:816714577320:android:47b596fe7f6d6fbcc9599d",
        "android_client_info": {
          "package_name": "com.lab.codehub"
        }
      },
      "oauth_client": [
        {
          "client_id": "816714577320-1ooeid0he7jf1966g555iifc65i02ab2.apps.googleusercontent.com",
          "client_type": 3
        }
      ],
      "api_key": [
        {
          "current_key": "AIzaSyC-BOTF_hfRiJ4hXjVEuijYF08YCY6eazo"
        }
      ],
      "services": {
        "appinvite_service": {
          "other_platform_oauth_client": [
            {
              "client_id": "816714577320-1ooeid0he7jf1966g555iifc65i02ab2.apps.googleusercontent.com",
              "client_type": 3
            }
          ]
        }
      }
    }
  ],
  "configuration_version": "1"
}